ID,Name,Internal,Category,Display Name,Expansion,
0,Eastern Kingdoms,Azeroth,Continent,Eastern Kingdoms,Vanilla,
1,Kalimdor,Kalimdor,Continent,Kalimdor,Vanilla,
13,Art Team Map,test,Dev,Art Team Map,Vanilla,
25,Scott Test,ScottTest,Dev,Scott Test,Vanilla,
30,Alterac Valley,PVPZone01,PvP,Alterac Valley,Vanilla,
33,Shadowfang Keep,Shadowfang,Instance,Shadowfang Keep,Vanilla,
34,Stormwind Stockade,StormwindJail,Instance,Stockades,Vanilla,
35,<unused>StormwindPrison,StormwindPrison,Dev,Stormwind Vault,Vanilla,
36,Deadmines,DeadminesInstance,Instance,Deadmines,Vanilla,
37,Azshara Crater,PVPZone02,Dev,Azshara Crater,Vanilla,
42,Collin's Test,Collin,Dev,Collin's Test,Vanilla,
43,Wailing Caverns,WailingCaverns,Instance,Wailing Caverns,Vanilla,
44,<unused> Monastery,Monastery,Dev,Monastery Interior (Old),Vanilla,
47,Razorfen Kraul,RazorfenKraulInstance,Instance,Razorfen Kraul,Vanilla,
48,Blackfathom Deeps,Blackfathom,Instance,Blackfathom Deeps,Vanilla,
70,Uldaman,Uldaman,Instance,Uldaman,Vanilla,
90,Gnomeregan,GnomeragonInstance,Instance,Gnomeregan,Vanilla,
109,Sunken Temple,SunkenTemple,Instance,Sunken Temple,Vanilla,
129,Razorfen Downs,RazorfenDowns,Instance,Razorfen Downs,Vanilla,
169,Emerald Dream,EmeraldDream,Dev,Emerald Dream,Vanilla,
189,Scarlet Monastery of Old,MonasteryInstances,Dev,Scarley Monastery (Old),Vanilla,
209,Zul'Farrak,TanarisInstance,Instance,Zul'Farrak,Vanilla,
229,Lower Blackrock Spire,BlackRockSpire,Instance,Lower Blackrock Spire,Vanilla,
230,Blackrock Depths,BlackrockDepths,Instance,Blackrock Depth,Vanilla,
249,Onyxia's Lair,OnyxiaLairInstance,Raid,Onyxia's Lair,Vanilla,
269,Opening of the Dark Portal,CavernsOfTime,Instance,Black Morass (Opening of the Dark Portal),Vanilla,
289,Scholomance OLD,SchoolofNecromancy,Instance,Scholomance,Vanilla,
309,Ancient Zul'Gurub,Zul'gurub,Raid,Zul'Gurub (Vanilla),Vanilla,
329,Stratholme,Stratholme,Instance,Stratholme,Vanilla,
349,Maraudon,Mauradon,Instance,Maraudon,Vanilla,
369,Deeprun Tram,DeeprunTram,World,Deeprun Tram,Vanilla,
389,Ragefire Chasm,OrgrimmarInstance,Instance,Ragefire Chasm,Vanilla,
409,Molten Core,MoltenCore,Raid,Molten Core,Vanilla,
429,Dire Maul,DireMaul,Instance,Dire Maul,Vanilla,
449,Alliance PVP Barracks,AlliancePVPBarracks,World,Champion's Hall (Alliance),Vanilla,
450,Horde PVP Barracks,HordePVPBarracks,World,Champion's Hall (Horde),Vanilla,
451,Development Land,development,Dev,Development Land,Vanilla,
469,Blackwing Lair,BlackwingLair,Raid,Blackwing Lair,Vanilla,
489,Warsong Gulch,PVPZone03,PvP,Warsong Gulch,Vanilla,
509,Ruins of Ahn'Qiraj,AhnQiraj,Raid,Ruins of Ahn'Qiraj,Vanilla,
529,Arathi Basin,PVPZone04,PvP,Arathi Basin,Vanilla,
530,Outland,Expansion01,Continent,Outland,Burning Crusade,
531,Ahn'Qiraj Temple,AhnQirajTemple,Raid,Temple of Ahn'Qiraj,Vanilla,
532,Karazhan,Karazahn,Raid,Karazhan,Burning Crusade,
533,Naxxramas,Stratholme Raid,Raid,Naxxramas,Burning Crusade,
534,The Battle for Mount Hyjal,HyjalPast,Raid,Battle for Mount Hyjal,Burning Crusade,
540,Hellfire Citadel: The Shattered Halls,HellfireMilitary,Instance,Shattered Halls,Burning Crusade,
542,Hellfire Citadel: The Blood Furnace,HellfireDemon,Instance,Blood Furnace,Burning Crusade,
543,Hellfire Citadel: Ramparts,HellfireRampart,Instance,Hellfire Ramparts,Burning Crusade,
544,Magtheridon's Lair,HellfireRaid,Raid,Ruins of Ahn'Qiraj,Burning Crusade,
545,Coilfang: The Steamvault,CoilfangPumping,Instance,Steamvault,Burning Crusade,
546,Coilfang: The Underbog,CoilfangMarsh,Instance,Underbog,Burning Crusade,
547,Coilfang: The Slave Pens,CoilfangDraenei,Instance,Slave Pens,Burning Crusade,
548,Coilfang: Serpentshrine Cavern,CoilfangRaid,Raid,Serpentshrine Cavern,Burning Crusade,
550,Tempest Keep,TempestKeepRaid,Raid,Tempest Keep,Burning Crusade,
552,Tempest Keep: The Arcatraz,TempestKeepArcane,Instance,Arcatraz,Burning Crusade,
553,Tempest Keep: The Botanica,TempestKeepAtrium,Instance,Botanica,Burning Crusade,
554,Tempest Keep: The Mechanar,TempestKeepFactory,Instance,Mechanar,Burning Crusade,
555,Auchindoun: Shadow Labyrinth,AuchindounShadow,Instance,Shadow Labyrinth,Burning Crusade,
556,Auchindoun: Sethekk Halls,AuchindounDemon,Instance,Sethekk Halls,Burning Crusade,
557,Auchindoun: Mana-Tombs,AuchindounEthereal,Instance,Mana Tombs,Burning Crusade,
558,Auchindoun: Auchenai Crypts,AuchindounDraenei,Instance,Auchenai Crypts,Burning Crusade,
559,Nagrand Arena (old),PVPZone05,PvP,Nagrand Arena (pre 7.1),Burning Crusade,
560,The Escape from Durnholde,HillsbradPast,Instance,Escape from Durnholde Keep,Burning Crusade,
562,zzOldBlade's Edge Arena,bladesedgearena,PvP,Blade's Edge Arena (pre 7.1),Burning Crusade,
564,Black Temple,BlackTemple,Raid,Black Temple,Burning Crusade,
565,Gruul's Lair,GruulsLair,Raid,Gruul's Lair,Burning Crusade,
566,Eye of the Storm,NetherstormBG,PvP,Eye of the Storm,Burning Crusade,
568,Zul'Aman,ZulAman,Instance,Zul'Aman,Burning Crusade,
571,Northrend,Northrend,Continent,Northrend,Wrath of the Lich King,
572,Ruins of Lordaeron,PVPLordaeron,PvP,Ruins of Lordaeron,Burning Crusade,
573,ExteriorTest,ExteriorTest,Dev,Exterior test,Wrath of the Lich King,
574,Utgarde Keep,Valgarde70,Instance,Utgarde Keep,Wrath of the Lich King,
575,Utgarde Pinnacle,UtgardePinnacle,Instance,Utgarde Pinnacle,Wrath of the Lich King,
576,The Nexus,Nexus70,Instance,Nexus,Wrath of the Lich King,
578,The Oculus,Nexus80,Instance,Oculus,Wrath of the Lich King,
580,The Sunwell,SunwellPlateau,Raid,Sunwell,Burning Crusade,
582,Transport: Rut'theran to Auberdine,Transport176244,Transport,Rut'theran to Auberdine,Wrath of the Lich King,
584,Transport: Menethil to Theramore,Transport176231,Transport,Menethil to Theramore,Wrath of the Lich King,
585,Magister's Terrace,Sunwell5ManFix,Instance,Magister's Terrace,Burning Crusade,
586,Transport: Exodar to Auberdine,Transport181645,Transport,Exodar to Auberdine,Wrath of the Lich King,
587,Transport: Feathermoon Ferry,Transport177233,Transport,Feathermoon Ferry,Wrath of the Lich King,
588,Transport: Menethil to Auberdine,Transport176310,Transport,Menethil to Auberdine,Wrath of the Lich King,
589,Transport: Orgrimmar to Grom'Gol,Transport175080,Transport,Orgrimmar to Grom'Gol,Wrath of the Lich King,
590,Transport: Grom'Gol to Undercity,Transport176495,Transport,Grom'Gol to Undercity,Wrath of the Lich King,
591,Transport: Undercity to Orgrimmar,Transport164871,Transport,Undercity to Orgrimmar,Wrath of the Lich King,
592,Transport: Borean Tundra Test,Transport186238,Transport,Borean Tundra Test,Wrath of the Lich King,
593,Transport: Booty Bay to Ratchet,Transport20808,Transport,Booty Bay to Ratchet,Wrath of the Lich King,
594,Transport: Howling Fjord Sister Mercy (Quest),Transport187038,Transport,Howling Fjord Sister Mercy (Quest),Wrath of the Lich King,
595,The Culling of Stratholme,StratholmeCOT,Instance,Culling of Stratholme,Wrath of the Lich King,
596,Transport: Naglfar,Transport187263,Transport,Naglfar,Wrath of the Lich King,
597,Craig Test,CraigTest,Dev,Craig Test,Wrath of the Lich King,
598,Sunwell Fix (Unused),Sunwell5Man,Dev,Magister's Terrace (Broken),Wrath of the Lich King,
599,Halls of Stone,Ulduar70,Instance,Halls of Stone,Wrath of the Lich King,
600,Drak'Tharon Keep,DrakTheronKeep,Instance,Drak'Tharon Keep,Wrath of the Lich King,
601,Azjol-Nerub,Azjol_Uppercity,Instance,Azjol-Nerub,Wrath of the Lich King,
602,Halls of Lightning,Ulduar80,Instance,Halls of Lightning,Wrath of the Lich King,
603,Ulduar,UlduarRaid,Raid,Ulduar,Wrath of the Lich King,
604,Gundrak,GunDrak,Instance,Gundrak,Wrath of the Lich King,
605,Development Land (non-weighted textures),development_nonweighted,Dev,Development Land (non weighted),Wrath of the Lich King,
606,QA and DVD,QA_DVD,Dev,QA DVD,Wrath of the Lich King,
607,Strand of the Ancients,NorthrendBG,PvP,Strand of the Ancients,Wrath of the Lich King,
608,Violet Hold,DalaranPrison,Instance,Violet Hold,Wrath of the Lich King,
609,Ebon Hold,DeathKnightStart,Starter,"Starter - Acherus, The Ebon Hold",Wrath of the Lich King,
610,Transport: Tirisfal to Vengeance Landing,Transport_Tirisfal _Vengeance_Landing,Transport,Tirisfal to Vengeance Landing,Wrath of the Lich King,
612,Transport: Menethil to Valgarde,Transport_Menethil_Valgarde,Transport,Menethil to Valgarde,Wrath of the Lich King,
613,Transport: Orgrimmar to Warsong Hold,Transport_Orgrimmar_Warsong_Hold,Transport,Orgrimmar to Warsong Hold,Wrath of the Lich King,
614,Transport: Stormwind to Valiance Keep,Transport_Stormwind_Valiance_Keep,Transport,Stormwind to Valiance Keep,Wrath of the Lich King,
615,The Obsidian Sanctum,ChamberOfAspectsBlack,Raid,Obsidian Sanctum,Wrath of the Lich King,
616,The Eye of Eternity,NexusRaid,Raid,Eye of Eternity,Wrath of the Lich King,
617,Dalaran Sewers,DalaranArena,PvP,Dalaran Arena,Wrath of the Lich King,
618,The Ring of Valor,OrgrimmarArena,PvP,The Ring of Valor,Wrath of the Lich King,
619,Ahn'kahet: The Old Kingdom,Azjol_LowerCity,Instance,Ahn'kahet: The Old Kingdom,Wrath of the Lich King,
620,Transport: Moa'ki to Unu'pe,Transport_Moa'ki_Unu'pe,Transport,Moa'ki to Unu'pe,Wrath of the Lich King,
621,Transport: Moa'ki to Kamagua,Transport_Moa'ki_Kamagua,Transport,Moa'ki to Kamagua,Wrath of the Lich King,
622,Transport: Orgrim's Hammer,Transport192241,Transport,Orgrim's Hammer,Wrath of the Lich King,
623,Transport: The Skybreaker,Transport192242,Transport,The Skybreaker,Wrath of the Lich King,
624,Vault of Archavon,WintergraspRaid,Raid,Vault of Archavon,Wrath of the Lich King,
627,unused,unused,Dev,Unused,Wrath of the Lich King,
628,Isle of Conquest,IsleofConquest,PvP,Isle of Conquest,Wrath of the Lich King,
631,Icecrown Citadel,IcecrownCitadel,Raid,Icecrown Citadel,Wrath of the Lich King,
632,The Forge of Souls,IcecrownCitadel5Man,Instance,Forge of Souls,Wrath of the Lich King,
637,Abyssal Maw Exterior,AbyssalMaw,Dev,Abyssal Maw,Cataclysm,
638,Gilneas,Gilneas,Starter,Starter - Gilneas,Cataclysm,
641,Transport: Alliance Airship BG,Transport_AllianceAirshipBG,Transport,Alliance Airship BG,Cataclysm,
642,Transport: HordeAirshipBG,Transport_HordeAirshipBG,Transport,Horde Airship BG,Cataclysm,
643,Throne of the Tides,AbyssalMaw_Interior,Instance,Throne of the Tides,Cataclysm,
644,Halls of Origination,Uldum,Instance,Halls of Origination,Cataclysm,
645,Blackrock Caverns,BlackRockSpire_4_0,Instance,Blackrock Caverns,Cataclysm,
646,Deepholm,Deephome,World,Deepholm,Cataclysm,
647,Transport: Orgrimmar to Thunder Bluff,Transport_Orgrimmar_to_Thunderbluff,Transport,Orgrimmar to Thunder Bluff,Cataclysm,
648,LostIsles,LostIsles,Starter,Starter - Lost Isles,Cataclysm,
649,Trial of the Crusader,ArgentTournamentRaid,Raid,Trial of the Crusader,Wrath of the Lich King,
650,Trial of the Champion,ArgentTournamentDungeon,Instance,Trial of the Champion,Wrath of the Lich King,
651,ElevatorSpawnTest,ElevatorSpawnTest,Dev,Elevator Spawn Test,Cataclysm,
654,Gilneas2,Gilneas2,World,Gilneas,Cataclysm,
655,GilneasPhase1,GilneasPhase1,Starter,Gilneas (phase 1),Cataclysm,
656,GilneasPhase2,GilneasPhase2,Starter,Gilneas (phase 2),Cataclysm,
657,The Vortex Pinnacle,SkywallDungeon,Instance,Vortex Pinnacle,Cataclysm,
658,Pit of Saron,QuarryofTears,Instance,Pit of Saron,Wrath of the Lich King,
659,Lost Isles Volcano Eruption,LostIslesPhase1,Starter,Lost Isles (phase 1),Cataclysm,
660,Deephome Ceiling,Deephomeceiling,Dev,Deepholm ceiling ,Cataclysm,
661,Lost Isles Town in a Box,LostIslesPhase2,Starter,Lost Isles (phase 2),Cataclysm,
662,Transport: Alliance Vashj'ir Ship,Transport197195,Transport,Alliance Vashj'ir Ship,Cataclysm,
668,Halls of Reflection,HallsOfReflection,Instance,Halls of Reflection,Wrath of the Lich King,
669,Blackwing Descent,BlackwingDescent,Raid,Blackwing Descent,Cataclysm,
670,Grim Batol,GrimBatolDungeon,Instance,Grim Batol,Cataclysm,
671,The Bastion of Twilight,GrimBatolRaid,Raid,Bastion of Twilight,Cataclysm,
672,Transport: The Skybreaker (Icecrown Citadel Raid),Transport197347,Transport,The Skybreaker (Icecrown Citadel Raid),Wrath of the Lich King,
673,Transport: Orgrim's Hammer (Icecrown Citadel Raid),Transport197348,Transport,Orgrim's Hammer (Icecrown Citadel Raid),Wrath of the Lich King,
674,Transport: Ship to Vashj'ir,Transport197349-2,Transport,Ship to Vashj'ir,Cataclysm,
712,Transport: The Skybreaker (IC Dungeon),Transport197349,Transport,The Skybreaker (IC Dungeon),Wrath of the Lich King,
713,Transport: Orgrim's Hammer (IC Dungeon),Transport197350,Transport,Orgrim's Hammer (IC Dungeon),Wrath of the Lich King,
718,Trasnport: The Mighty Wind (Icecrown Citadel Raid),Transport201834,Transport,The Mighty Wind (Icecrown Citadel Raid),Wrath of the Lich King,
719,Mount Hyjal Phase 1,MountHyjalPhase1,World,Mount Hyjal (phased),Cataclysm,
720,Firelands,Firelands1,Raid,Firelands,Cataclysm,
721,Firelands Terrain 2,Firelands2,Unknown,Firelands 2,Cataclysm,
723,Stormwind,Stormwind,Unknown,Stormwind (OLD),Cataclysm,
724,The Ruby Sanctum,ChamberofAspectsRed,Raid,Ruby Sanctum,Wrath of the Lich King,
725,The Stonecore,DeepholmeDungeon,Instance,Stonecore,Cataclysm,
726,Twin Peaks,CataclysmCTF,PvP,Twin Peaks,Cataclysm,
727,Silvershard Mines,STV_Mine_BG,PvP,Silvershard Mines,Mists of Pandaria,
728,The Battle for Gilneas (Old City Map),TheBattleforGilneas,Dev,The Battle for Gilneas,Cataclysm,
730,Maelstrom Zone,MaelstromZone,World,Maelstrom,Cataclysm,
731,Stonetalon Bomb,DesolaceBomb,World,Stonetalon Bomb phase,Cataclysm,
732,Tol Barad,TolBarad,World,Tol Barad,Cataclysm,
734,Ahn'Qiraj Terrace,AhnQirajTerrace,World,Ahn'Qiraj Terrace (cinematic only),Cataclysm,
736,Twilight Highlands Dragonmaw Phase,TwilightHighlandsDragonmawPhase,World,Twilight Highlands (phase Dragonmaw),Cataclysm,
738,Ship to Vashj'ir (Orgrimmar -> Vashj'ir),Transport200100,Transport,Orgrimmar to Vashj'ir,Cataclysm,
739,Vashj'ir Sub - Horde,Transport200101,Transport,Vashj'ir Submarine (Horde),Cataclysm,
740,Vashj'ir Sub - Alliance,Transport200102,Transport,Vashj'ir Submarine (Alliance),Cataclysm,
741,Twilight Highlands Horde Transport,Transport200103,Transport,Twilight Highlands Zeppelin (Horde),Cataclysm,
742,Vashj'ir Sub - Horde - Circling Abyssal Maw,Transport203729,Transport,Vashj'ir sub circling Abyssal Maw (Horde),Cataclysm,
743,Vashj'ir Sub - Alliance circling Abyssal Maw,Transport203730,Transport,Vashj'ir sub circling Abyssal Maw (Alliance),Cataclysm,
746,Uldum Phase Oasis,UldumPhaseOasis,World,Uldum (phase oasis),Cataclysm,
747,Transport: Deepholm Gunship,Transport 203732,Transport,Deepholm Gunship,Cataclysm,
748,Transport: Onyxia/Nefarian Elevator,Transport203858,Transport,Onyxia/Nefarian Elevator,Cataclysm,
749,Transport: Gilneas Moving Gunship,Transport203859,Transport,Gilneas Moving Gunship,Cataclysm,
750,Transport: Gilneas Static Gunship,Transport203860,Transport,Gilneas Static Gunship,Cataclysm,
751,Redridge - Orc Bomb,RedgridgeOrcBomb,World,Redridge Bomb phase,Cataclysm,
752,Redridge - Bridge Phase One,RedridgeBridgePhaseOne,World,Redridge Bridge (old),Cataclysm,
753,Redridge - Bridge Phase Two,RedridgeBridgePhaseTwo,World,Redridge Bridge (broken),Cataclysm,
754,Throne of the Four Winds,SkywallRaid,Raid,Throne of the Four Winds,Cataclysm,
755,Lost City of the Tol'vir,UldumDungeon,Instance,Lost City of the Tol'vir,Cataclysm,
757,Baradin Hold,BaradinHold,Raid,Baradin Hold,Cataclysm,
759,Uldum Phased Entrance,UldumPhasedEntrance,World,Uldum (phase entrance),Cataclysm,
760,Twilight Highlands Phased Entrance,TwilightHighlandsPhasedEntrance,World,Twilight Highlands (phase Entrance),Cataclysm,
761,The Battle for Gilneas,Gilneas_BG_2,PvP,The Battle for Gilneas,Cataclysm,
762,Twilight Highlands Zeppelin 1,Transport 203861,Transport,Twilight Highlands Zeppelin 1,Cataclysm,
763,Twilight Highlands Zeppelin 2,Transport 203862,Transport,Transport -Twilight Highlands Zeppelin 2,Cataclysm,
764,Uldum - Phase Wrecked Camp,UldumPhaseWreckedCamp,World,Uldum (phase wrecked camp),Cataclysm,
765,Krazzworks Attack Zeppelin,Transport203863,Transport,Krazzworks Attack Zeppelin,Cataclysm,
766,Transport: Gilneas Moving Gunship 02,Transport 2033864,Transport,Gilneas Moving Gunship 02,Cataclysm,
767,Transport: Gilneas Moving Gunship 03,Transport 2033865,Transport,Gilneas Moving Gunship 03,Cataclysm,
859,Zul'Gurub,Zul_Gurub5Man,Instance,Zul'Gurub,Cataclysm,
860,The Wandering Isle,NewRaceStartZone,Starter,Starter - The Wondering Isle,Mists of Pandaria,
861,Molten Front,FirelandsDailies,World,Molten Front,Cataclysm,
870,Pandaria,HawaiiMainLand,Continent,Pandaria,Mists of Pandaria,
930,(UNUSED) Scenario: Alcaz Island,ScenarioAlcazIsland,Dev,Scenario: Alcaz Island,Cataclysm,
938,End Time,COTDragonblight,Instance,End Time,Cataclysm,
939,Well of Eternity,COTWarOfTheAncients,Instance,Well of Eternity,Cataclysm,
940,Hour of Twilight,TheHourOfTwilight,Instance,Hour of Twilight,Cataclysm,
951,Nexus Legendary,NexusLegendary,Unknown,Nexus Legendary,Cataclysm,
959,Shado-Pan Monastery,ShadowpanHideout,Instance,Shado-Pan Monastery,Mists of Pandaria,
960,Temple of the Jade Serpent,EastTemple,Instance,Temple of the Jade Serpent,Mists of Pandaria,
961,Stormstout Brewery,StormstoutBrewery,Instance,Stormstout Brewery,Mists of Pandaria,
962,Gate of the Setting Sun,TheGreatWall,Instance,Gate of the Setting Sun,Mists of Pandaria,
967,Dragon Soul,DeathwingBack,Raid,Dragon Soul,Cataclysm,
968,Rated Eye of the Storm,EyeoftheStorm2.0,PvP,Eye of the Storm (Rated),Burning Crusade,
971,Jade Forest Alliance Hub Phase,JadeForestAllianceHubPhase,World,Jade Forest (phase Alliance hub),Mists of Pandaria,
972,Jade Forest Battlefield Phase,JadeForestBattlefieldPhase,World,Jade Forest (phase battlefield),Mists of Pandaria,
974,Darkmoon Faire,DarkmoonFaire,World,Darkmoon Faire (Darkmoon Island),Cataclysm,
975,Turtle Ship Phase 01,TurtleShipPhase01,World,The Wandering Isle (crash site phase 1),Mists of Pandaria,
976,Turtle Ship Phase 02,TurtleShipPhase02,World,The Wandering Isle (crash site phase 2),Mists of Pandaria,
977,Maelstrom Deathwing Fight,MaelstromDeathwingFight,Unknown,Maelstrom Deathwing Fight,Cataclysm,
980,Tol'Viron Arena,TolVirArena,PvP,Tol'viron Arena,Mists of Pandaria,
994,Mogu'shan Palace,MoguDungeon,Instance,Mogu'shan Palace,Mists of Pandaria,
995,The Depths [UNUSED],MoguInteriorRaid,Dev,The Depths (Unused Mogu Raid),Mists of Pandaria,
996,Terrace of Endless Spring,MoguExteriorRaid,Raid,Terrace of Endless Spring,Mists of Pandaria,
998,Temple of Kotmogu,ValleyOfPower,PvP,Temple of Kotmogu,Mists of Pandaria,
999,Theramore's Fall (H),BFTAllianceScenario,Scenario,Theramore's Fall (Horde),Mists of Pandaria,
1000,Theramore's Fall (A),BFTHordeScenario,Scenario,Theramore's Fall (Alliance),Mists of Pandaria,
1001,Scarlet Halls,ScarletSanctuaryArmoryAndLibrary,Instance,Scarlet Halls,Cataclysm,
1004,Scarlet Monastery,ScarletMonasteryCathedralGY,Instance,Scarlet Monstery,Cataclysm,
1005,A Brewing Storm,BrewmasterScenario01,Scenario,A Brewing Storm,Mists of Pandaria,
1007,Scholomance,NewScholomance,Instance,Scholomance,Cataclysm,
1008,Mogu'shan Vaults,MogushanPalace,Raid,Mogu'shan Vaults,Mists of Pandaria,
1009,Heart of Fear,MantidRaid,Raid,Heart of Fear,Mists of Pandaria,
1010,CTF3,MistsCTF3,Dev,Mists of Pandaria Capture The Flag,Mists of Pandaria,
1011,Siege of Niuzao Temple,MantidDungeon,Instance,Siege of Niuzao Temple,Mists of Pandaria,
1014,Peak of Serenity,MonkAreaScenario,World,Peak of Serenity,Mists of Pandaria,
1019,Ruins of Theramore,RuinsOfTheramore,World,Ruins of Theramore,Mists of Pandaria,
1024,Greenstone Village,PandaFishingVillageScenario,Scenario,Greenstone Village,Mists of Pandaria,
1028,(UNUSED) Scenario: Mogu Ruins,MoguRuinsScenario,Dev,Mogu Ruins Scenario (Unused),Mists of Pandaria,
1029,(UNUSED) Scenario: Mogu Crypt,AncientMoguCryptScenario,Dev,Mogu Crypt Scenario (Unused),Mists of Pandaria,
1030,Crypt of Forgotten Kings,AncientMoguCyptDestroyedScenario,Scenario,Crypt of Forgotten Kings,Mists of Pandaria,
1031,Arena of Annihilation,ProvingGroundsScenario,Scenario,Arena of Annihilation,Mists of Pandaria,
1032,Pet Battle - Jade Forest,PetBattleJadeForest,Unknown,Pet Battle - Jade Forest,Mists of Pandaria,
1035,Temple of Kotmogu,ValleyOfPowerScenario,Unknown,Temple of Kotmogu Scenario,Mists of Pandaria,
1043,Brawl'gar Arena,RingOfValorScenario,World,Brawl'gar Arena,Mists of Pandaria,
1048,Unga Ingoo,BrewmasterScenario03,Scenario,Unga Ingoo,Mists of Pandaria,
1049,(UNUSED) Scenario: Black Ox Temple,BlackOxTempleScenario,Unknown,* unused,Mists of Pandaria,
1050,Assault on Zan'vess,ScenarioKlaxxiIsland,Scenario,Assault on Zan'vess,Mists of Pandaria,
1051,Brewmoon Festival,ScenarioBrewmaster04,Scenario,Brewmoon Festival,Mists of Pandaria,
1060,Level Design Land - Dev Only,LevelDesignLand-DevOnly,Dev,Level Design Land,Mists of Pandaria,
1061,Horde Beach Daily Area,HordeBeachDailyArea,World,Pandaria daily (Horde),Mists of Pandaria,
1062,Alliance Beach Daily Area,AllianceBeachDailyArea,World,Pandaria daily (Alliance),Mists of Pandaria,
1064,Mogu Island Daily Area,MoguIslandDailyArea,World,Isle of Thunder - Daily area,Mists of Pandaria,
1066,Stormwind Gunship Pandaria Start Area,StormwindGunshipPandariaStartArea,World,Pandaria gunship (Alliance),Mists of Pandaria,
1074,Orgrimmar Gunship Pandaria Start,OrgrimmarGunshipPandariaStart,World,Pandaria gunship (Horde),Mists of Pandaria,
1075,Theramore's Fall Phase,TheramoreScenarioPhase,World,Theramore (pre-destruction phase),Mists of Pandaria,
1076,Jade Forest Horde Starting Area,JadeForestHordeStartingArea,World,Pandaria (Horde Starting),Mists of Pandaria,
1095,Dagger in the Dark,HordeAmbushScenario,Scenario,Dagger in the Dark,Mists of Pandaria,
1098,Throne of Thunder,ThunderIslandRaid,Raid,Throne of Thunder,Mists of Pandaria,
1099,Naval Battle Scenario,NavalBattleScenario,Scenario,Naval Battle Scenario,Mists of Pandaria,
1101,Defense Of The Ale House BG,DefenseOfTheAleHouseBG,Dev,Defense of the Ale House BG (unused),Mists of Pandaria,
1102,Domination Point,HordeBaseBeachScenario,Scenario,Domination Point,Mists of Pandaria,
1103,Lion's Landing,AllianceBaseBeachScenario,Scenario,Lion's Landing,Mists of Pandaria,
1104,A Little Patience,ALittlePatienceScenario,Scenario,A Little Patience,Mists of Pandaria,
1105,Deepwind Gorge,GoldRushBG,PvP,Deepwind Gorge,Mists of Pandaria,
1106,Jaina Dalaran Scenario,JainaDalaranScenario,Scenario,* scenario?,Mists of Pandaria,
1107,Dreadscar Rift,WarlockArea,Unknown,,Mists of Pandaria,
1112,Pursuing the Black Harvest,BlackTempleScenario,Scenario,Pursuing the Black Harvest,Mists of Pandaria,
1113,Transport: DarkmoonCarousel,DarkmoonCarousel,Unknown,,Warlords of Draenor,
1116,Draenor,Draenor,Continent,Draenor,Warlords of Draenor,
1120,Thunder King Horde Hub,ThunderKingHordeHub,World,Isle of Thunder Hub (Horde phase),Mists of Pandaria,
1121,Thunder Island Alliance Hub,ThunderIslandAllianceHub,World,Isle of Thunder Hub (Alliance phase),Mists of Pandaria,
1122,City Siege - Mogu Island Progression Scenario,CitySiegeMoguIslandProgressionScenario,World,Isle of Thunder - Siege,Mists of Pandaria,
1123,Lightning Forge - Mogu Island Progression Scenario,LightningForgeMoguIslandProgressionScenario,World,Isle of Thunder - Lightning forge,Mists of Pandaria,
1124,Shipyard - Mogu Island Progression Scenario,ShipyardMoguIslandProgressionScenario,World,Isle of Thunder - Shipyard,Mists of Pandaria,
1125,Alliance Hub - Mogu Island Progression Scenario,AllianceHubMoguIslandProgressionScenario,World,Isle of Thunder - Alliance Hub Progress,Mists of Pandaria,
1126,Mogu Island Progression Events,HordeHubMoguIslandProgressionScenario,World,Isle of Thunder - Horde Hub Progress,Mists of Pandaria,
1127,Final Gate - Mogu Island Progression Scenario,FinalGateMoguIslandProgressionScenario,World,Isle of Thunder - Final Gate,Mists of Pandaria,
1128,Mogu Island Events - Horde Base,MoguIslandEventsHordeBase,World,Isle of Thunder - Horde Hub,Mists of Pandaria,
1129,Mogu Island Events - Alliance Base,MoguIslandEventsAllianceBase,World,Isle of Thunder - Alliance Hub,Mists of Pandaria,
1130,Blood in the Snow,ShimmerRidgeScenario,Scenario,Blood in the Snow,Mists of Pandaria,
1131,The Secrets of Ragefire,DarkHordeScenario,Unknown,,Mists of Pandaria,
1132,Transport: The Skybag (Brawl'gar Arena),Transport218599,Transport,The Skybag (Brawl'gar Arena),Mists of Pandaria,
1133,Transport: Zandalari Ship (Mogu Island),Transport218600,Transport,Zandalari Ship (Isle of Thunder),Mists of Pandaria,
1134,The Tiger's Peak,ShadoPanArena,PvP,The Tiger's Peak,Mists of Pandaria,
1135,Mogu Island Loot Room,MoguIslandLootRoom,Unknown,,Mists of Pandaria,
1136,Siege of Orgrimmar,OrgrimmarRaid,Raid,Siege of Orgrimmar,Mists of Pandaria,
1144,Heart of the Old God Scenario,HeartOfTheOldGodScenario,Scenario,Heart of the Old God (Vale of Eternal Blossoms),Mists of Pandaria,
1148,Proving Grounds,ProvingGrounds,Unknown,,Mists of Pandaria,
1152,FW Horde Garrison Level 1,FWHordeGarrisonLevel1,Garrison,Draenor Frostfire Horde level 1,Warlords of Draenor,
1153,FW Horde Garrison Level 3,FWHordeGarrisonLevel2,Garrison,Draenor Frostfire Horde level 2,Warlords of Draenor,
1154,FW Horde Garrison Level 4,FWHordeGarrisonLevel3,Garrison,Draenor Frostfire Horde level 3,Warlords of Draenor,
1155,Stromgarde Keep,Stormgarde Keep,Unknown,,Mists of Pandaria,
1157,Halfhill Scenario,HalfhillScenario,World,Halfhill cooking scenario,Mists of Pandaria,
1158,SMV Alliance Garrison Level 1,SMVAllianceGarrisonLevel1,Garrison,Draenor Shadowmmoon Alliance level 1,Warlords of Draenor,
1159,SMV Alliance Garrison Level 3,SMVAllianceGarrisonLevel2,Garrison,Draenor Shadowmmoon Alliance level 3,Warlords of Draenor,
1160,SMV Alliance Garrison Level 4,SMVAllianceGarrisonLevel3,Unknown,,Warlords of Draenor,
1161,Celestial Tournament,CelestialChallenge,Scenario,Celestial Tournament,Mists of Pandaria,
1166,Small Battleground A,SmallBattlegroundA,Dev,Small Battleground A (experiment),Warlords of Draenor,
1168,The Purge Of Grommar - Scenario,ThePurgeOfGrommarScenario,Unknown,* Scenario? ,Warlords of Draenor,
1169,Small Battleground B,SmallBattlegroundB,Dev,Small Battleground B (experiment),Warlords of Draenor,
1170,Small Battleground C,SmallBattlegroundC,Dev,Small Battleground C (experiment),Warlords of Draenor,
1171,Small Battleground D,SmallBattlegroundD,Dev,Small Battleground D (experiment),Warlords of Draenor,
1172,Transport: Siege of Orgrimmar (Alliance),Transport_Siege_of_Orgrimmar_Alliance,Transport,Siege of Orgrimmar (Alliance),Mists of Pandaria,
1173,Transport: Siege of Orgrimmar (Horde),Transport_Siege_of_Orgrimmar_Horde,Transport,Siege of Orgrimmar (Horde),Mists of Pandaria,
1175,Bloodmaul Slag Mines,OgreCompound,Instance,Bloodmaul Slag Mines,Warlords of Draenor,
1176,Shadowmoon Burial Grounds,MoonCultistHideout,Instance,Shadowmoon Burial Ground,Warlords of Draenor,
1179,Warcraft Heroes,WarcraftHeroes,Dev,Warcraft Heroes BG (Unused),Warlords of Draenor,
1181,PattyMack Test Garrison Bldg Map,PattyMackTestGarrisonBldgMap,Dev,Patty Mack's Garrison Test Map,Warlords of Draenor,
1182,Auchindoun,DraenorAuchindoun,Instance,Auchindoun,Warlords of Draenor,
1187,GOR Alliance Garrison Level 1,GORAllianceGarrisonLevel1,Unknown,,Warlords of Draenor,
1188,GOR Alliance Garrison Level 2,GORAllianceGarrisonLevel2,Unknown,,Warlords of Draenor,
1189,GOR Alliance Garrison Level 3,GORAllianceGarrisonLevel3,Unknown,,Warlords of Draenor,
1190,Blasted Lands Phase,BlastedLands,World,Blasted Lands (phase Warlords),Warlords of Draenor,
1191,Ashran - World PvP,Ashran,PvP,Ashran,Warlords of Draenor,
1192,Transport: Gorgrond Train,Transport_Iron_Horde_Gorgrond_Train,Transport,Gorgrond Train,Warlords of Draenor,
1195,Iron Docks,WarWharfSmackdown,Instance,Iron Docks,Warlords of Draenor,
1200,Bonetown Scenario,BonetownScenario,Scenario,Bonetown Scenario,Mists of Pandaria,
1203,Frostfire Finale Scenario,FrostfireFinaleScenario,Scenario,* Scenario in Frostfire?,Warlords of Draenor,
1205,Blackrock Foundry,BlackrockFoundryRaid,Raid,Blackrock Foundry,Warlords of Draenor,
1207,The Battle for Shattrath,TaladorIronHordeFinaleScenario,Scenario,,Warlords of Draenor,
1208,Grimrail Depot,BlackrockFoundryTrainDepot,Instance,Grimrail Depot,Warlords of Draenor,
1209,Skyreach,ArakkoaDungeon,Instance,Skyreach,Warlords of Draenor,
1212,Garrison - Alliance - Blacksmith 3,6HU_GARRISON_Blacksmithing_hub,Garrison,,Warlords of Draenor,
1213,Garrison - Alliance - Alchemy 1,alliance_garrison_alchemy,Garrison,Alliance - Alchemy 1,Warlords of Draenor,
1214,Garrison - Alliance - Enchanting 3,alliance_garrison_enchanting,Garrison,Alliance - Enchanting 3,Warlords of Draenor,
1215,Garrison - Alliance - Engineering 3,garrison_alliance_engineering,Garrison,Alliance - Engineering 3,Warlords of Draenor,
1216,Garrison - Alliance - Farm1,garrison_alliance_farmhouse,Garrison,Alliance - Farm 1,Warlords of Draenor,
1217,Garrison - Alliance - Inscription 1,garrison_alliance_inscription,Garrison,Alliance - Inscription 1,Warlords of Draenor,
1218,Garrison - Alliance - Jewelcrafting 1,garrison_alliance_jewelcrafting,Garrison,Alliance - Jewelcrafting 1,Warlords of Draenor,
1219,Garrison - Alliance - Leatherworking 1,garrison_alliance_leatherworking,Garrison,,Warlords of Draenor,
1220,Broken Isles,Troll Raid,Continent,Broken Isles,Legion,
1221,Garrison - Alliance Mine 1,garrison_alliance_mine_1,Garrison,Alliance - Mine 1,Warlords of Draenor,
1222,Garrison - Alliance Mine 2,garrison_alliance_mine_2,Garrison,Alliance - Mine 2,Warlords of Draenor,
1223,Garrison - Alliance Mine 3,garrison_alliance_mine_3,Garrison,Alliance - Mine 3,Warlords of Draenor,
1224,Garrison - Alliance Stable 1,garrison_alliance_stable_1,Garrison,Alliance - Stable 1,Warlords of Draenor,
1225,Garrison - Alliance Stable 2,garrison_alliance_stable_2,Garrison,Alliance - Stable 2,Warlords of Draenor,
1226,Garrison - Alliance Stable 3,garrison_alliance_stable_3,Garrison,Alliance - Stable 3,Warlords of Draenor,
1227,Garrison - Alliance - Tailoring 3,garrison_alliance_tailoring,Garrison,Alliance - Tailoring 3,Warlords of Draenor,
1228,Highmaul,HighmaulOgreRaid,Raid,Highmaul,Warlords of Draenor,
1229,Garrison - Alliance - Inn 1,garrison_alliance_inn_1,Garrison,Alliance - Inn 1,Warlords of Draenor,
1230,Garrison - Alliance - Barn 1,garrison_alliance_barn,Garrison,Alliance - Barn 1,Warlords of Draenor,
1231,Transport: Wavemurder Barge,Transport227523,Transport,Wavemurder Barge,Warlords of Draenor,
1232,GOR Horde Garrison Level 0,GorHordeGarrisonLevel0,Garrison,Gorgrond Horde Level 0 (unused),Warlords of Draenor,
1233,GOR Horde Garrison Level 3,GORHordeGarrisonLevel3,Garrison,Gorgrond Horde Level 3 (unused),Warlords of Draenor,
1234,TAL Alliance Garrison Level 0,TALAllianceGarrisonLevel0,Garrison,Talador Alliance level 0 (unused),Warlords of Draenor,
1235,TAL Alliance Garrison Level 3,TALAllianceGarrisonLevel3,Garrison,Talador Alliance level 3 (unused),Warlords of Draenor,
1236,TAL Horde Garrison Level 0,TALHordeGarrisonLevel0,Garrison,Talador Horde level 0 (unused),Warlords of Draenor,
1237,TAL Horde Garrison Level 3,TALHordeGarrisonLevel3,Garrison,Talador Horde level 3 (unused),Warlords of Draenor,
1238,SOA Alliance Garrison Level 0,SOAAllianceGarrison0,Garrison,Spires of Arak Alliance level 0 (unused),Warlords of Draenor,
1239,SOA Alliance Garrison Level 3,SOAAllianceGarrison3,Garrison,Spires of Arak Alliance level 3 (unused),Warlords of Draenor,
1240,SOA Horde Garrison Level 0,SOAHordeGarrison0,Garrison,Spires of Arak Horde level 0 (unused),Warlords of Draenor,
1241,SOA Horde Garrison Level 3,SOAHordeGarrison3,Garrison,Spires of Arak Horde level 3 (unused),Warlords of Draenor,
1242,NAG Alliance Garrison Level 0,NAGAllianceGarrisonLevel0,Garrison,Nagrand Alliance Level 0,Warlords of Draenor,
1243,NAG Alliance Garrison Level 3,NAGAllianceGarrisonLevel3,Garrison,Nagrand Alliance Level 3,Warlords of Draenor,
1244,NAG Horde Garrison Level 0,NAGHordeGarrisonLevel0,Garrison,Nagrand Horde Level 0,Warlords of Draenor,
1245,NAG Horde Garrison Level 3,NAGHordeGarrisonLevel3,Garrison,Nagrand Horde Level 3,Warlords of Draenor,
1247,Garrison - Alliance - Armory 1,garrison_alliance_armory1,Garrison,Alliance - Armory 1,Warlords of Draenor,
1248,Garrison - Alliance - Barracks 1,garrison_alliance_barracks1,Garrison,Alliance - Barracks 1,Warlords of Draenor,
1249,Garrison - Alliance - Engineering 1,garrison_alliance_engineering1,Garrison,Alliance - Engineering 1,Warlords of Draenor,
1250,Alliance - Garrison - Herb Garden 1 (UNUSED),alliance_garrison_herb_garden1,Garrison,Alliance - Herb Garden 1,Warlords of Draenor,
1251,Alliance - Garrison - Inn 1 DONT USE,alliance_garrison_inn1,Garrison,Alliance - Inn 1,Warlords of Draenor,
1252,Garrison - Alliance - Lumbermill 1,garrison_alliance_lumbermill1,Garrison,Alliance - Lumbermill 1,Warlords of Draenor,
1253,Garrison - Alliance - Mage Tower 1,alliance_garrison_magetower1,Garrison,Alliance - Mage Tower 1,Warlords of Draenor,
1254,Garrison - Alliance - Sparring Arena 1,garrison_alliance_pet_stable1,Garrison,Alliance - Sparring Arena 1,Warlords of Draenor,
1255,Garrison - Alliance - Salvage Yard 1,garrison_alliance_salvageyard1,Garrison,Alliance - Salvage Yard 1,Warlords of Draenor,
1256,Garrison - Alliance - StoreHouse 1,garrison_alliance_storehouse1,Garrison,Alliance - StoreHouse 1,Warlords of Draenor,
1257,Garrison - Alliance - Trading Post 1,garrison_alliance_trading_post1,Garrison,Alliance - Trading Post 1,Warlords of Draenor,
1258,Garrison - Alliance - Tailoring 1,garrison_alliance_tailoring1,Garrison,Alliance - Tailoring 1,Warlords of Draenor,
1259,Garrison - Alliance - Enchanting 1,garrison_alliance_enchanting,Garrison,Alliance - Enchanting 1,Warlords of Draenor,
1260,Garrison - Alliance - Blacksmith 1,garrison_alliance_blacksmith1,Garrison,Alliance - Blacksmith 1,Warlords of Draenor,
1261,Garrison - Alliance - Plot Small,garrison_alliance_plot_small,Garrison,Alliance - Plot Small,Warlords of Draenor,
1262,Garrison - Allilance - Plot Medium,garrison_alliance_plot_medium,Garrison,Allilance - Plot Medium,Warlords of Draenor,
1263,Garrison - Alliance - Plot Large,garrison_alliance_plot_large,Garrison,Alliance - Plot Large,Warlords of Draenor,
1264,Propland - Dev Only,Propland-DevOnly,Dev,Propland,Warlords of Draenor,
1265,Tanaan Jungle Intro,TanaanJungleIntro,World,Tanaan (Intro),Warlords of Draenor,
1266,Circle of Blood Scenario,CircleofBloodScenario,Scenario,"* unused scenario? Frostfire, Warlords",Warlords of Draenor,
1268,Teron'gor's Confrontation,TerongorsConfrontation,Unknown,* ,Warlords of Draenor,
1270,Development Land 3,devland3,Dev,Development Land 3,Warlords of Draenor,
1273,Nagrand - Garrison Camp - Stable2,nagrand_garrison_camp_stable_2,Garrison,,Warlords of Draenor,
1277,Defense of Karabor,DefenseOfKaraborScenario,Scenario,Defence of Karabor,Warlords of Draenor,
1278,Garrison - Horde - Barracks 1,garrison_horde_barracks1,Garrison,Horde - Barracks 1,Warlords of Draenor,
1279,The Everbloom,ShaperDungeon,Instance,Everbloom,Warlords of Draenor,
1280,Southshore vs. Tarren Mill,TrollRaid2,PvP,Southshore vs Tarren Mill,Warlords of Draenor,
1281,Garrison - Horde - Alchemy 1,garrison_horde_alchemy1,Garrison,Horde - Alchemy 1,Warlords of Draenor,
1282,Garrison - Horde - Armory 1,garrison_horde_armory1,Garrison,Horde - Armory 1,Warlords of Draenor,
1283,Garrison - Horde - Barn 1,garrison_horde_barn1,Garrison,Horde - Barn 1,Warlords of Draenor,
1284,Garrison - Horde - Blacksmith 1,garrison_horde_blacksmith1,Garrison,Horde - Blacksmith 1,Warlords of Draenor,
1285,Garrison - Horde - Enchanting 1,garrison_horde_enchanting1,Garrison,Horde - Enchanting 1,Warlords of Draenor,
1286,Garrison - Horde - Engineering 1,garrison_horde_engineering1,Garrison,Horde - Engineering 1,Warlords of Draenor,
1287,Garrison - Horde - Inn 1,garrison_horde_inn1,Garrison,Horde - Inn 1,Warlords of Draenor,
1288,Garrison - Horde - Inscription 1,garrison_horde_inscription1,Garrison,Horde - Inscription 1,Warlords of Draenor,
1289,Garrison - Horde - Jewelcrafting 1,garrison_horde_jewelcrafting1,Garrison,Horde - Jewelcrafting 1,Warlords of Draenor,
1290,Garrison - Horde - Leatherworking 1,garrison_horde_leatherworking1,Garrison,Horde - Leatherworking 1,Warlords of Draenor,
1291,Garrison - Horde - Lumbermill 1,garrison_horde_lumbermill1,Garrison,Horde - Lumbermill 1,Warlords of Draenor,
1292,Garrison - Horde - Mage Tower 1,garrison_horde_magetower1,Garrison,Horde - Mage Tower 1,Warlords of Draenor,
1293,Garrison - Horde - Mine 1,garrison_horde_mine1,Garrison,Horde - Mine 1,Warlords of Draenor,
1294,Garrison - Horde - Pet Stable 1,garrison_alliance_petstabe,Garrison,Horde - Pet Stable 1,Warlords of Draenor,
1295,Garrison - Horde - Salvage Yard 1,garrison_horde_salvageyard1,Garrison,Horde - Salvage Yard 1,Warlords of Draenor,
1296,Garrison - Horde - Sparring Arena 1,garrison_horde_sparringarena1,Garrison,Horde - Sparring Arena 1,Warlords of Draenor,
1297,Garrison - Horde - Stable 1,garrison_horde_stable1,Garrison,Horde - Stable 1,Warlords of Draenor,
1298,Garrison - Horde Storehouse 1,garrison_horde_storehouse1,Garrison,Horde Storehouse 1,Warlords of Draenor,
1299,Garrison - Horde - Tailoring 1,garrison_horde_tailoring1,Garrison,Horde - Tailoring 1,Warlords of Draenor,
1300,Garrison - Horde - Trading Post 1,garrison_horde_tradingpost1,Garrison,Horde - Trading Post 1,Warlords of Draenor,
1301,Garrison - Horde - Workshop 1,garrison_horde_workshop1,Garrison,Horde - Workshop 1,Warlords of Draenor,
1302,Garrison - Alliance - Workshop 1,garrison_alliance_workshop1,Garrison,Alliance - Workshop 1,Warlords of Draenor,
1303,Garrison - Horde - Farm1,garrison_horde_farm1,Garrison,Horde - Farm1,Warlords of Draenor,
1304,Garrison - Horde - Plot Large,garrison_horde_plot_large,Garrison,Horde - Plot Large,Warlords of Draenor,
1305,Garrison - Horde - Plot Medium,garrison_horde_plot_medium,Garrison,Horde - Plot Medium,Warlords of Draenor,
1306,Garrison - Horde - Plot Small,garrison_horde_plot_small,Garrison,Horde - Plot Small,Warlords of Draenor,
1307,Tanaan Jungle Intro - Forge Phase,TanaanJungleIntroForgePhase,World,Tanaan (phase Forge),Warlords of Draenor,
1308,Garrison - Horde - Fishing 1,garrison_horde_fishing1,Garrison,Horde - Fishing 1,Warlords of Draenor,
1309,Garrison - Alliance - Fishing 1,garrison_alliance_fishing1,Garrison,Alliance - Fishing 1,Warlords of Draenor,
1310,Expansion 5 QA Model Map,Expansion5QAModelMap,Dev,Expansion 5 QA Model Map,Warlords of Draenor,
1311,Outdoor Garrison - Arena - Horde (NEEDS WMO),outdoorGarrisonArenaHorde,Garrison,,Warlords of Draenor,
1312,Outdoor Garrison - Arena - Alliance (NEEDS WMO),outdoorGarrisonArenaAlliance,Garrison,,Warlords of Draenor,
1313,Outdoor Garrison - Lumber Mill - Alliance,outdoorGarrisonLumberMillAlliance,Garrison,,Warlords of Draenor,
1314,Outdoor Garrison - Lumber Mill - Horde,outdoorGarrisonLumberMillHorde,Garrison,,Warlords of Draenor,
1315,Outdoor Garrison - Armory - Horde,outdoorGarrisonArmoryHorde,Garrison,,Warlords of Draenor,
1316,Outdoor Garrison - Armory - Alliance,outdoorGarrisonArmoryAlliance,Garrison,,Warlords of Draenor,
1317,Outdoor Garrison - Mage Tower - Horde,outdoorGarrisonMageTowerHorde,Garrison,,Warlords of Draenor,
1318,Outdoor Garrison - Mage Tower - Alliance,outdoorGarrisonMageTowerAlliance,Garrison,,Warlords of Draenor,
1319,Outdoor Garrison - Stables - Horde,outdoorGarrisonStablesHorde,Garrison,,Warlords of Draenor,
1320,Outdoor Garrison - Stables - Alliance,outdoorGarrisonStablesAlliance,Garrison,,Warlords of Draenor,
1321,Outdoor Garrison - Workshop - Horde,outdoorGarrisonWorkshopHorde,Garrison,,Warlords of Draenor,
1322,Outdoor Garrison - Workshop - Alliance,outdoorGarrisonWorkshopAlliance,Garrison,,Warlords of Draenor,
1323,Outdoor Garrison - Inn - Horde,outdoorGarrisonInnHorde,Garrison,,Warlords of Draenor,
1324,Outdoor Garrison - Inn - Alliance,outdoorGarrisonInnAlliance,Garrison,,Warlords of Draenor,
1325,Outdoor Garrison - Tradiing Post 1 - Horde,outdoorGarrisonTradingPostHorde,Garrison,,Warlords of Draenor,
1326,Outdoor Garrison - Tradiing Post - Alliance,outdoorGarrisonTradingPostAlliance,Garrison,,Warlords of Draenor,
1327,"Outdoor Garrison - Construction Plot, Medium - Horde",outdoorGarrisonConstructionPlotHorde,Garrison,,Warlords of Draenor,
1328,"Outdoor Garrison - Construction Plot, Medium - Alliance",outdoorGarrisonConstructionPlotAlliance,Garrison,,Warlords of Draenor,
1329,Grommashar Scenario,GrommasharScenario,Scenario,* Talador,Warlords of Draenor,
1330,FW Horde Garrison Level 2,FWHordeGarrisonLeve2new,Garrison,Draenor Frostfire Horde level 2,Warlords of Draenor,
1331,SMV Alliance Garrison Level 2,SMVAllianceGarrisonLevel2new,Garrison,Draenor Shadowmoon Alliance level 2,Warlords of Draenor,
1332,Garrison - Horde - Barracks 2,garrison_horde_barracks2,Garrison,Horde - Barracks 2,Warlords of Draenor,
1333,Garrison - Horde - Armory 2,garrison_horde_armory2,Garrison,Horde - Armory 2,Warlords of Draenor,
1334,Garrison - Horde - Barn 2,garrison_horde_barn2,Garrison,Horde - Barn 2,Warlords of Draenor,
1335,Garrison - Horde - Inn 2,garrison_horde_inn2,Garrison,Horde - Inn 2,Warlords of Draenor,
1336,Garrison - Horde - Lumbermill 2,garrison_horde_lumbermill2,Garrison,Horde - Lumbermill 2,Warlords of Draenor,
1337,Garrison - Horde - Mage Tower 2,garrison_horde_magetower2,Garrison,Horde - Mage Tower 2,Warlords of Draenor,
1338,Garrison - Horde - Pet Stable 2,garrison_horde_petstable2,Garrison,Horde - Pet Stable 2,Warlords of Draenor,
1339,Garrison - Horde - Stable 2,garrison_horde_stable2,Garrison,Horde - Stable 2,Warlords of Draenor,
1340,Garrison - Horde - Trading Post 2,garrison_horde_tradingpost2,Garrison,Horde - Trading Post 2,Warlords of Draenor,
1341,Garrison - Horde - Workshop 2,garrison_horde_workshop2,Garrison,Horde - Workshop 2,Warlords of Draenor,
1342,Garrison - Horde - Barracks 3,garrison_horde_barracks3,Garrison,Horde - Barracks 3,Warlords of Draenor,
1343,Garrison - Horde - Armory 3,garrison_horde_armory3,Garrison,Horde - Armory 3,Warlords of Draenor,
1344,Garrison - Horde - Barn 3,garrison_horde_barn3,Garrison,Horde - Barn 3,Warlords of Draenor,
1345,Garrison - Horde - Inn 3,garrison_horde_inn3,Garrison,Horde - Inn 3,Warlords of Draenor,
1346,Garrison - Horde - Mage Tower 3,garrison_horde_magetower3,Garrison,Horde - Mage Tower 3,Warlords of Draenor,
1347,Garrison - Horde - Pet Stable 3,garrison_horde_petstable3,Garrison,Horde - Pet Stable 3,Warlords of Draenor,
1348,Garrison - Horde - Stable 3,garrison_horde_stable3,Garrison,Horde - Stable 3,Warlords of Draenor,
1349,Garrison - Horde - Trading Post 3,garrison_horde_tradingpost3,Garrison,Horde - Trading Post 3,Warlords of Draenor,
1350,Garrison - Horde - Workshop 3,garrison_horde_workshop3,Garrison,Horde - Workshop 3,Warlords of Draenor,
1351,Garrison - Alliance - Large - Construction,Garrison_Alliance_Large_Construction,Garrison,Alliance - Large - Construction,Warlords of Draenor,
1352,Garrison - Alliance - Medium - Construction,Garrison_Alliance_Medium_Construction,Garrison,Alliance - Medium - Construction,Warlords of Draenor,
1353,Garrison - Horde - Large - Construction,Garrison_Horde_Large_Construction,Garrison,Horde - Large - Construction,Warlords of Draenor,
1354,Garrison - Horde - Medium - Construction,Garrison_Horde_Medium_Construction,Garrison,Horde - Medium - Construction,Warlords of Draenor,
1358,Upper Blackrock Spire,UpperBlackRockSpire,Garrison,Upper Blackrock Spire,Warlords of Draenor,
1361,Garrison - Alliance - Mage Tower 2,garrisonAllianceMageTower2,Garrison,Alliance - Mage Tower 2,Warlords of Draenor,
1362,Garrison - Alliance - Mage Tower 3,garrisonAllianceMageTower3,Garrison,Alliance - Mage Tower 3,Warlords of Draenor,
1363,Garrison - Horde - Mine 2,garrison_horde_mine2,Garrison,Horde - Mine 2,Warlords of Draenor,
1364,Garrison - Horde - Mine 3,garrison_horde_mine3,Garrison,Horde - Mine 3,Warlords of Draenor,
1367,Garrison - Alliance - Workshop 2,garrison_alliance_workshop2,Garrison,Alliance - Workshop 2,Warlords of Draenor,
1368,Garrison - Alliance - Workshop 3,garrison_alliance_workshop3,Garrison,Alliance - Workshop 3,Warlords of Draenor,
1369,Garrison - Alliance - Lumbermill 2,garrison_alliance_lumbermill2,Garrison,Alliance - Lumbermill 2,Warlords of Draenor,
1370,Garrison - Alliance - Lumbermill 3,garrison_alliance_lumbermill3,Garrison,Alliance - Lumbermill 3,Warlords of Draenor,
1371,Garrison - Horde - Small - Construction,Garrison_Horde_Small_Construction,Garrison,Horde - Small - Construction,Warlords of Draenor,
1372,Garrison - Alliance - Small - Construction,Garrison_Alliance_Small_Construction,Garrison,Alliance - Small - Construction,Warlords of Draenor,
1374,Auchindoun Quest,AuchindounQuest,Unknown,,Warlords of Draenor,
1375,Garrison - Alliance - Alchemy 2,alliance_garrison_alchemy_rank2,Garrison,Alliance - Alchemy 2,Warlords of Draenor,
1376,Garrison - Alliance - Alchemy 3,alliance_garrison_alchemy_rank3,Garrison,Alliance - Alchemy 3,Warlords of Draenor,
1377,Garrison - Alliance - Blacksmith 2,garrison_alliance_blacksmith2,Garrison,Alliance - Blacksmith 2,Warlords of Draenor,
1378,Garrison - Alliance - Enchanting 2,garrison_alliance_enchanting2,Garrison,Alliance - Enchanting 2,Warlords of Draenor,
1379,Garrison - Alliance - Engineering 2,garrison_alliance_engineering2,Garrison,Alliance - Engineering 2,Warlords of Draenor,
1380,Garrison - Alliance - Inscription 2,garrison_alliance_inscription2,Garrison,Alliance - Inscription 2,Warlords of Draenor,
1381,Garrison - Alliance - Inscription 3,garrison_alliance_inscription3,Garrison,Alliance - Inscription 3,Warlords of Draenor,
1382,Garrison - Alliance - Jewelcrafting 2,garrison_alliance_jewelcrafting2,Garrison,Alliance - Jewelcrafting 2,Warlords of Draenor,
1383,Garrison - Alliance - Jewelcrafting 3,garrison_alliance_jewelcrafting3,Garrison,Alliance - Jewelcrafting 3,Warlords of Draenor,
1384,Garrison - Alliance - Leatherworking 2,garrison_alliance_leatherworking2,Garrison,Alliance - Leatherworking 2,Warlords of Draenor,
1385,Garrison - Alliance - Leatherworking 3,garrison_alliance_leatherworking3,Garrison,Alliance - Leatherworking 3,Warlords of Draenor,
1386,Garrison - Alliance - Tailoring 2,garrison_alliance_tailoring2,Garrison,Alliance - Tailoring 2,Warlords of Draenor,
1387,Garrison - Alliance - StoreHouse 2,garrison_alliance_storehouse2,Garrison,Alliance - StoreHouse 2,Warlords of Draenor,
1388,Garrison - Alliance - StoreHouse 3,garrison_alliance_storehouse3,Garrison,Alliance - StoreHouse 3,Warlords of Draenor,
1389,Garrison - Horde Storehouse 2,garrison_horde_storehouse2,Garrison,Horde Storehouse 2,Warlords of Draenor,
1390,Garrison - Horde Storehouse 3,garrison_horde_storehouse3,Garrison,Horde Storehouse 3,Warlords of Draenor,
1391,Garrison - Alliance - Salvage Yard 2,garrison_alliance_salvageyard2,Garrison,Alliance - Salvage Yard 2,Warlords of Draenor,
1392,Garrison - Alliance - Salvage Yard 3,garrison_alliance_salvageyard3,Garrison,Alliance - Salvage Yard 3,Warlords of Draenor,
1393,Garrison - Horde - Lumbermill 3,garrison_horde_lumbermill3,Garrison,Horde - Lumbermill 3,Warlords of Draenor,
1394,Garrison - Alliance - Sparring Arena 2,garrison_alliance_pet_stable2,Garrison,Alliance - Sparring Arena 2,Warlords of Draenor,
1395,Garrison - Alliance - Sparring Arena 3,garrison_alliance_pet_stable3,Garrison,Alliance - Sparring Arena 3,Warlords of Draenor,
1396,Garrison - Alliance - Trading Post 2,garrison_alliance_trading_post2,Garrison,Alliance - Trading Post 2,Warlords of Draenor,
1397,Garrison - Alliance - Trading Post 3,garrison_alliance_trading_post3,Garrison,Alliance - Trading Post 3,Warlords of Draenor,
1398,Garrison - Alliance - Barn 2,garrison_alliance_barn2,Garrison,Alliance - Barn 2,Warlords of Draenor,
1399,Garrison - Alliance - Barn 3,garrison_alliance_barn3,Garrison,Alliance - Barn 3,Warlords of Draenor,
1400,Garrison - Alliance - Inn 2,garrison_alliance_inn_2,Garrison,Alliance - Inn 2,Warlords of Draenor,
1401,Garrison - Alliance - Inn 3,garrison_alliance_inn_3,Garrison,Alliance - Inn 3,Warlords of Draenor,
1402,Gorgrond Finale,GorgrondFinaleScenario,Scenario,Gorgrond Finale,Warlords of Draenor,
1403,Garrison - Alliance - Barracks 2,garrison_alliance_barracks2,Garrison,Alliance - Barracks 2,Warlords of Draenor,
1404,Garrison - Alliance - Barracks 3,garrison_alliance_barracks3,Garrison,Alliance - Barracks 3,Warlords of Draenor,
1405,Garrison - Alliance - Armory 2,garrison_alliance_armory2,Garrison,Alliance - Armory 2,Warlords of Draenor,
1406,Garrison - Alliance - Armory 3,garrison_alliance_armory3,Garrison,Alliance - Armory 3,Warlords of Draenor,
1407,zzzOld,GorgrondFinaleScenarioMap,Dev,Gorgrond Finale (old),Warlords of Draenor,
1409,Garrison - Horde - Sparring Arena 2,garrison_horde_sparringarena2,Garrison,Horde - Sparring Arena 2,Warlords of Draenor,
1410,Garrison - Horde - Sparring Arena 3,garrison_horde_sparringarena3,Garrison,Horde - Sparring Arena 3,Warlords of Draenor,
1411,Garrison - Horde - Alchemy 2,garrison_horde_alchemy2,Garrison,Horde - Alchemy 2,Warlords of Draenor,
1412,Garrison - Horde - Alchemy 3,garrison_horde_alchemy3,Garrison,Horde - Alchemy 3,Warlords of Draenor,
1413,Garrison - Horde - Blacksmith 2,garrison_horde_blacksmith2,Garrison,Horde - Blacksmith 2,Warlords of Draenor,
1414,Garrison - Horde - Blacksmith 3,garrison_horde_blacksmith3,Garrison,Horde - Blacksmith 3,Warlords of Draenor,
1415,Garrison - Horde - Enchanting 2,garrison_horde_enchanting2,Garrison,Horde - Enchanting 2,Warlords of Draenor,
1416,Garrison - Horde - Enchanting 3,garrison_horde_enchanting3,Garrison,Horde - Enchanting 3,Warlords of Draenor,
1417,Garrison - Horde - Inscription 2,garrison_horde_inscription2,Garrison,Horde - Inscription 2,Warlords of Draenor,
1418,Garrison - Horde - Inscription 3,garrison_horde_inscription3,Garrison,Horde - Inscription 3,Warlords of Draenor,
1419,Garrison - Horde - Leatherworking 2,garrison_horde_leatherworking2,Garrison,Horde - Leatherworking 2,Warlords of Draenor,
1420,Garrison - Horde - Leatherworking 3,garrison_horde_leatherworking3,Garrison,Horde - Leatherworking 3,Warlords of Draenor,
1421,Garrison - Horde - Jewelcrafting 2,garrison_horde_jewelcrafting2,Garrison,Horde - Jewelcrafting 2,Warlords of Draenor,
1422,Garrison - Horde - Jewelcrafting 3,garrison_horde_jewelcrafting3,Garrison,Horde - Jewelcrafting 3,Warlords of Draenor,
1423,Garrison - Horde - Tailoring 2,garrison_horde_tailoring2,Garrison,Horde - Tailoring 2,Warlords of Draenor,
1424,Garrison - Horde - Tailoring 3,garrison_horde_tailoring3,Garrison,Horde - Tailoring 3,Warlords of Draenor,
1425,Garrison - Horde - Salvage Yard 2,garrison_horde_salvageyard2,Garrison,Horde - Salvage Yard 2,Warlords of Draenor,
1426,Garrison - Horde - Salvage Yard 3,garrison_horde_salvageyard3,Garrison,Horde - Salvage Yard 3,Warlords of Draenor,
1427,PattyMack Test Garrison Bld Map2,PattyMackTestGarrisonBldgMap2,Dev,Patty Mack's Garrison Test Map 2,Warlords of Draenor,
1429,Garrison - Horde - Engineering 2,garrison_horde_engineering2,Garrison,Horde - Engineering 2,Warlords of Draenor,
1430,Garrison - Horde - Engineering 3,garrison_horde_engineering3,Garrison,Horde - Engineering 3,Warlords of Draenor,
1431,The Coliseum,SparringArenaLevel3Stadium,PvP,Sparring Arena (Nagrand),Warlords of Draenor,
1432,Garrison - Horde - Fishing 2,garrison_horde_fishing2,Garrison,Horde - Fishing 2,Warlords of Draenor,
1433,Garrison - Horde - Fishing 3,garrison_horde_fishing3,Garrison,Horde - Fishing 3,Warlords of Draenor,
1434,Garrison - Alliance - Fishing 2,garrison_alliance_fishing2,Garrison,Alliance - Fishing 2,Warlords of Draenor,
1435,Garrison - Alliance - Fishing 3,garrison_alliance_fishing3,Garrison,Alliance - Fishing 3,Warlords of Draenor,
1437,Garrison - Alliance - Pet Stable 1,garrison_alliance_petstable1,Garrison,Alliance - Pet Stable 1,Warlords of Draenor,
1438,Garrison - Alliance - Pet Stable 2,garrison_alliance_petstable2,Garrison,Alliance - Pet Stable 2,Warlords of Draenor,
1439,Garrison - Alliance - Pet Stable 3,garrison_alliance_petstable3,Garrison,Alliance - Pet Stable 3,Warlords of Draenor,
1440,Garrison - Alliance - Infirmary 1,garrison_alliance_infirmary1,Garrison,Alliance - Infirmary 1,Warlords of Draenor,
1441,Garrison - Alliance - Infirmary 2,garrison_alliance_infirmary2,Garrison,Alliance - Infirmary 2,Warlords of Draenor,
1442,Garrison - Alliance - Infirmary 3,garrison_alliance_infirmary3,Garrison,Alliance - Infirmary 3,Warlords of Draenor,
1446,"Outdoor Garrison - Construction Plot, Large - Alliance",outdoorGarrisonConstructionPlotAllianceLarge,Garrison,Alliance - Outdoor Garrison plot,Warlords of Draenor,
1447,"Outdoor Garrison - Construction Plot, Large - Horde",outdoorGarrisonConstructionPlotHordeLarge,Garrison,Horde - Outdoor Garrison plot,Warlords of Draenor,
1448,Hellfire Citadel,HellfireRaid62,Raid,Hellfire Citadel,Warlords of Draenor,
1451,Tanaan Legion Test,TanaanLegionTest,Dev,Tanaan Legion Test,Warlords of Draenor,
1453,Scourge of Northshire,ScourgeofNorthshire,Scenario,Scourge of Northshire,Warlords of Draenor,
1454,The Broken Shore (old - delete),ArtifactAshbringerOrigin,Dev,Artifact Ashbringer Origin,Legion,
1455,Edge of Reality,EdgeofRealityMount,Scenario,Edge of Reality,Warlords of Draenor,
1456,Eye of Azshara,NagaDungeon,Instance,Eye of Azshara,Legion,
1457,Test Dungeon,FXlDesignLand-DevOnly,Dev,Design Land (Dev Only),Legion,
1458,Neltharion's Lair,7_DungeonExteriorNeltharionsLair,Instance,Neltharion's Lair,Legion,
1459,Transport: The Iron Mountain,Transport_The_Iron_Mountain,Transport,The Iron Mountain,Legion,
1460,Broken Shore Scenario,BrokenShoreScenario,Scenario,Broken Shore,Legion,
1461,Azsuna Scenario,AzsunaScenario,Scenario,Azsuna Scenario,Legion,
1462,Illidans Rock,IllidansRock,Unknown,Illidans Rock,Legion,
1463,Helhiem Exterior Area,HelhiemExteriorArea,World,Helheim,Legion,
1464,Tanaan Jungle,TanaanJungle,World,Tanaan Jungle,Warlords of Draenor,
1465,Tanaan Jungle - No Hubs Phase,TanaanJungleNoHubsPhase,World,Tanaan Jungle (phase No Hubs),Warlords of Draenor,
1466,Darkheart Thicket,Emerald_Nightmare_ValSharah_exterior,Instance,Darkheart Thicket,Legion,
1468,Warden Prison DH Quests,WardenPrison,Starter,Starter - Demon Hunter (Warden Prison),Legion,
1469,The Heart of Azeroth,MaelstromShaman,Unknown,The Heart of Azeroth,Legion,
1470,Legion Dungeon,Legion Dungeon,Dev,Legion Dungeon ,Legion,
1471,Dungeon Test Map 1466,1466,Dev,Dungeon Test Map,Legion,
1473,Garrison - Alliance - Shipyard,GarrisonAllianceShipyard,Garrison,Alliance Shipyard,Warlords of Draenor,
1474,Garrison - Horde - Shipyard,GarrisonHordeShipyard,Garrison,Horde Shipyard,Warlords of Draenor,
1475,The Maw of Nashal,TheMawofNashal,Unknown,The Maw of Nashal,Legion,
1476,Transport: The Maw of Nashal,Transport_The_Maw_of_Nashal,Transport,The Maw of Nashal,Legion,
1477,Halls of Valor,Valhallas,Instance,Halls of Valor,Legion,
1478,The Temple of Elune,ValSharahTempleofEluneScenario,Scenario,Temple of Elune (ValSharah),Legion,
1479,Skyhold,WarriorArtifactArea,World,Order Hall - Warrior - Skyhold,Legion,
1480,Icecrown Citadel,DeathKnightArtifactArea,Artifact,Death Knight (Icecrown Citadel),Legion,
1481,Mardum,legionnexus,Unknown,Mardum,Legion,
1482,Garrison Shipyard - Submarine - Alliance,GarrisonShipyardAllianceSubmarine,Garrison,Shipyard - Submarine - Alliance,Warlords of Draenor,
1483,Garrison Shipyard - Destroyer - Alliance,GarrisonShipyardAllianceDestroyer,Garrison,Shipyard - Destroyer - Alliance,Warlords of Draenor,
1484,Garrison Shipyard - Transport,GarrisonShipyardTransport,Garrison,Shipyard - Transport,Warlords of Draenor,
1485,Garrison Shipyard - Battleship - Alliance,GarrisonShipyardDreadnaught,Garrison,Shipyard - Battleship - Alliance,Warlords of Draenor,
1486,Garrison Shipyard - Carrier - Horde,GarrisonShipyardCarrier,Garrison,Shipyard - Carrier - Horde,Warlords of Draenor,
1487,Garrison Shipyard - Submarine - Horde,GarrisonShipyardHordeSubmarine,Garrison,Shipyard - Submarine - Horde,Warlords of Draenor,
1488,Garrison Shipyard - Destroyer - Horde,GarrisonShipyardHordeDestroyer,Garrison,Shipyard - Destroyer - Horde,Warlords of Draenor,
1489,Niskara,Artifact-PortalWorldAcqusition,World,Niskara (The demon world),Legion,
1492,Maw of Souls,Helheim,Instance,Maw of Souls,Legion,
1493,Vault of the Wardens,WardenPrisonDungeon,Instance,Vault of the Wardens,Legion,
1494,The Violet Hold,AcquisitionVioletHold,Artifact,The Violet Hold (Mage Artifact),Legion,
1495,Shield's Rest,AcquisitionWarriorProt,Artifact,"Warrior (Stormheim, Shield's Rest) ",Legion,
1496,Garrison Shipyard - Carrier - Alliance,GarrisonShipyardCarrierAlliance,Garrison,Garrison Shipyard - Carrier - Alliance,Warlords of Draenor,
1497,Garrison Shipyard - Battleship - Horde,GarrisonShipyardGalleonHorde,Garrison,Garrison Shipyard - Battleship - Horde,Warlords of Draenor,
1498,Felsoul Hold,AcquisitionHavoc,World,Felsoul Hold (Legion Suramar),Legion,
1499,oldArtifact - Warrior Fury Acquisition,Artifact-Warrior Fury Acquisition,Artifact,Warrior (Artifact),Legion,
1500,Broken Shore,ArtifactPaladinRetAcquisition,Artifact,Paladin (Artifact),Legion,
1501,Black Rook Hold,BlackRookHoldDungeon,Instance,Black Rook Hold,Legion,
1502,Dalaran Underbelly,DalaranUnderbelly,World,Dalaran Underbelly (Legion),Legion,
1503,Deepholm,ArtifactShamanElementalAcquisition,Artifact,Shaman (Deepholm),Legion,
1504,Black Rook Hold Arena,BlackrookHoldArena,Scenario,Black Rook Hold Arena,Legion,
1505,Nagrand Arena,NagrandArena2,PvP,Nagrand Arena,Legion,
1509,Bloodtotem Cavern - Fel Phase,BloodtotemCavernFelPhase,World,Bloodtotem Cavern (Fel Phase),Legion,
1510,Bloodtotem Cavern - Tauren Phase,BloodtotemCavernTaurenPhase,World,Bloodtotem Cavern (Tauren Phase),Legion,
1511,Tideskorn Harbor,Artifact-WarriorFuryAcquisition,Artifact,Warrior (Tideskorn Harbor),Legion,
1512,Netherlight Temple,Artifact-PriestHunterOrderHall,World,Order Hall - Priest - Netherlight Temple,Legion,
1513,Hall of the Guardian,Artifact-MageOrderHall,World,Order Hall - Mage - Hall of the Guardian,Legion,
1514,The Wandering Isle,Artifact-MonkOrderHall,World,Order Hall - Monk - The Wandering Isle,Legion,
1515,Huln's War,HulnHighmountain,Scenario,Huln's War (Azshara),Legion,
1516,The Arcway,SuramarCatacombsDungeon,Instance,The Arcway,Legion,
1517,Stormheim Prescenario Windrunner,StormheimPrescenarioWindrunner,Unknown,Stormheim Prescenario Windrunner,Legion,
1518,Stormheim Prescenario Skyfire,StormheimPrescenarioSkyfire,Unknown,Stormheim Prescenario Skyfire,Legion,
1519,The Fel Hammer,ArtifactsDemonHunterOrderHall,World,Order Hall - Demon Hunter - The Fel Hammer,Legion,
1520,The Emerald Nightmare,NightmareRaid,Raid,Emerald Nightmare,Legion,
1522,Dreadscar Rift,ArtifactWarlockOrderHallScenario,Artifact,* Warlock - wtf is this place,Legion,
1523,Defense of the Fel Hammer Scenario,MardumScenario,Artifact,Demon Hunter (Mardum),Legion,
1526,Temple of the White Tiger,Artifact-WhiteTigerTempleAcquisition,Artifact,* What class? - Temple of the White Tiger,Legion,
1527,High Mountain Scenario,HighMountain,Scenario,Highmountain,Legion,
1528,Skywall,Artifact-SkywallAcquisition,Artifact,* What class? - Throne of the Four Winds,Legion,
1529,Karazhan,KarazhanScenario,Unknown,,Legion,
1530,The Nighthold,SuramarRaid,Raid,Nighthold,Legion,
1532,High Mountain Mesa Scenario,HighMountainMesa,Unknown,*,Legion,
1533,Karazhan Catacombs,Artifact-KarazhanAcquisition,Artifact,Rogue (Karazhan Catacombs),Legion,
1534,Moonglade,Artifact-DefenseofMoongladeScenario,Artifact,,Legion,
1535,Moonglade,DefenseofMoongladeScenario,Scenario,Defense of Moonglade,Legion,
1536,Ursocs Lair,UrsocsLairScenario,Scenario,Ursoc's Lair,Legion,
1537,zzOLD - Boost Experience,BoostExperience,Scenario,* Character Boost Experience,Legion,
1538,test,Karazhan Scenario,Dev,Karazhan Scenario,Legion,
1539,Tirisfal Glades,Artifact-AcquisitionArmsHolyShadow,Artifact,Priest (Tirisfal Glades),Legion,
1540,Emerald Dreamway,Artifact-Dreamway,Artifact,Druid (Nightmare Emerald Dreamway),Legion,
1541,Terrace of Endless Spring,Artifact-TerraceofEndlessSpringAcquisition,Artifact,* (what class?) - Terrace of Endless Spring,Legion,
1544,Assault on Violet Hold,LegionVioletHoldDungeon,Instance,Assault on Violet Hold,Legion,
1545,Azsuna,Artifact-Acquisition-CombatResto,Artifact,Shaman (Azsuna),Legion,
1547,Artifact - Combat - Acquisition Ship,Artifacts-CombatAcquisitionShip,Artifact,,Legion,
1549,Tech Test - Seamless World Transition A,TechTestSeamlessWorldTransitionA,Dev,Seamless World Transition A,Legion,
1550,Tech Test - Seamless World Transition B,TechTestSeamlessWorldTransitionB,Dev,Seamless World Transition B,Legion,
1552,Ashamane's Fall,ValsharahArena,Unknown,*,Legion,
1553,Gloaming Reef,Artifact-Acquisition-Underlight,Artifact,* (what class?) - Gloaming Reef,Legion,
1554,Boost Experience - Alliance,BoostExperience2,Dev,Character Boost Experience Alliance,Legion,
1555,zzOLD - Transport: Boost Experience - Alliance Gunship,TransportBoostExperienceAllianceGunship,Transport,Boost Experience Gunship (Alliance),Legion,
1556,zzOLD - Transport: Boost Experience - Horde Gunship,TransportBoostExperienceHordeGunship,Transport,Boost Experience Gunship (Horde),Legion,
1557,Boost Experience - Horde,BoostExperience2Horde,Dev,Character Boost Experience Horde,Legion,
1559,Transport: Boost Experience - Horde Gunship,TransportBoostExperienceHordeGunship2,Transport,Boost Experience Gunship 2 (Horde),Legion,
1560,Transport: Boost Experience - Alliance Gunship,TransportBoostExperienceAllianceGunship2,Transport,Boost Experience Gunship 2 (Alliance),Legion,
1561,Tech Test - Cosmetic Parent Performance,TechTestCosmeticParentPerformance,Dev,Cosmetic Parent Performance Test,Legion,
1571,Court of Stars,SuramarCityDungeon,Instance,Court of Stars,Legion,
1572,The Maelstrom,MaelstromShamanHubIntroScenario,Unknown,*,Legion,
1579,Ulduar,UdluarScenario,Unknown,"* wtf is this, and also, it's typoed, well done blizz",Legion,
1580,The Maelstrom,MaelstromTitanScenario,Unknown,Priest Class Mount scenario,Legion,
1582,Delete,ArtifactDalaranVaultAcquisition,Dev,,Legion,
1583,Nexus Vault,Artifact-DalaranVaultAcquisition,Artifact,* (what class?) - The Nexus,Legion,
1584,Julien Test Land,JulienTestLand-DevOnly,Dev,Julien Test Land,Legion,
1586,Assault on Stormwind,AssualtOnStormwind,Unknown,,Legion,
1588,Dev Map - A - Jared Coulston,DevMapA,Dev,Map A (Jared Coulston),Legion,
1589,Dev Map - B - Nathaniel Chapman,DevMapB,Dev,Map B (Nathaniel Chapman),Legion,
1590,Dev Map - C - Julien Tremblay,DevMapC,Dev,Map C (Julien Tremblay),Legion,
1591,Dev Map - D - PotT,DevMapD,Dev,Map D,Legion,
1592,Dev Map - E,DevMapE,Dev,Map E,Legion,
1593,Dev Map - F,DevMapF,Dev,Map F,Legion,
1594,Dev Map - G,DevMapG,Dev,Map G,Legion,
1599,Nordrassil,ArtifactRestoAcqusition,Artifact,Druid (Nordrassil),Legion,
1600,Throne of the Tides,ArtifactThroneoftheTides,Artifact,* which class? - Throne of the Tides,Legion,
1602,Artifact - The Vortex Pinnacle - Shaman Order Hall,SkywallDungeon_OrderHall,World,"* Order Hall - Shaman - wait, is this really the shaman order hall?",Legion,
1603,Throne of the Tides Scenario(DELETE),AbyssalMaw_Interior_Scenario,Unknown,,Legion,
1604,Artifact - Order Campaign - Portal World Niskara,Artifact-PortalWorldNaskora,Artifact,* which class? - Niskara Portal ,Legion,
1605,Firelands_Artifact,FirelandsArtifact,Artifact,* which class? - Firelands,Legion,
1607,Artifact - Acquisition - Subtlety,ArtifactAcquisitionSubtlety,Artifact,Rogue (Demon Ship),Legion,
1608,Hyjal War of the Ancients Quest,Hyjal Instance,Unknown,*,Legion,
1609,Temple of Storms,AcquisitionTempleofstorms,Artifact,* Shaman (yes?) - Temple of Storms,Legion,
1610,Artifact - Serenity Legion Scenario,Artifact-SerenityLegionScenario,Artifact,Monk (Peak of Serenity),Legion,
1611,Death Knight Campaign - Light's Hope Chapel,DeathKnightCampaign-LightsHopeChapel,Artifact,Death Knight (Light's Hope Chapel),Legion,
1612,The Ruins of Falanaar,TheRuinsofFalanaar,World,Falanaar Ruins (Azsuna),Legion,
1616,Faronaar,Faronaar,World,Faronaar (Azsuna),Legion,
1617,Death Knight Campaign - Undercity,DeathKnightCampaign-Undercity,Artifact,Death Knight (Undercity),Legion,
1618,Death Knight Campaign - Scarlet Monastery,DeathKnightCampaign-ScarletMonastery,Artifact,Death Knight (Scarlet Monastery),Legion,
1620,Artifact - Stormwind,ArtifactStormwind,Artifact,* Rogue (yes?) - Stormwind,Legion,
1621,Black Temple - Legion,BlackTemple-Legion,Unknown,*,Legion,
1622,Pandemonium,IllidanTemp,Unknown,*,Legion,
1623,Mage Campaign - The Oculus,MageCampaign-TheOculus,Artifact,Mage (The Oculus),Legion,
1624,Battle of Exodar,BattleofExodar,Artifact,Battle of Exodar,Legion,
1625,Trial of the Serpent,TrialoftheSerpent,Unknown,*,Legion,
1626,The Collapse - Suramar Scenario,TheCollapseSuramarScenario,Scenario,The Collapse (Suramar),Legion,
1627,Fel Hammer DH Scenario,FelHammerDHScenario,Unknown,,Legion,
1628,Transport: Alliance Battleship,Transport251513,Unknown,,Legion,
1629,Netherlight Temple,NetherlightTemplePrison,Unknown,*,Legion,
1630,Tol Barad,TolBarad1,World,Tol Barad,Legion,
1632,The Arcway - Suramar Scenario,TheArcwaySuramarScenario,Unknown,,Legion,
1637,Transport: Alliance Ship PhaseableMO,TransportAllianceShipPhaseableMO,Unknown,,Legion,
1638,Transport: Horde Ship PhaseableMO,TransportHordeShipPhaseableMO,Unknown,,Legion,
1639,Transport: Kvaldir Ship PhaseableMO,TransportKvaldirShipPhaseableMO,Unknown,,Legion,
1642,Zandalar,Zandalar,Continent,Zandalar,Battle for Azeroth,
1643,Kul Tiras,KulTiras,Continent,Kul Tiras,Battle for Azeroth,
1644,Plunder Isle,PlunderIsle,Unknown,Plunder Isle,Battle for Azeroth,
1646,Black Rook Hold [Scenario],BlackRookSenario,Scenario,Black Rook Hold,Legion,
1647,Vol'jin's Funeral Pyre,VoljinsFuneralPyre,Unknown,,Legion,
1648,Trial of Valor,Helhiem2,Raid,Trial of Valor ,Legion,
1649,Transport: Horde Battleship,Transport254124,Unknown,,Legion,
1650,Legion Command Ship Transport,Acherus,Unknown,,Legion,
1651,Return to Karazhan,Karazahn1,Raid,Return to Karazhan,Legion,
1653,Great Dark Beyond,LightsHeart,World,Dark Beyond (cinematic only),Legion,
1657,zzOldBlade's Edge Arena,BladesEdgeArena2,Unknown,*,Legion,
1658,Environment Art Land - Dev Only,EnvironmentLandDevOnly,Dev,Environment Art Land,Legion,
1662,Suramar,SuramarEndScenario,Scenario,Suramar End of Questline,Legion,
1663,Dungeon Blockout,DungeonBlockout,Dev,Dungeon Blockout Test,Legion,
1666,The Assault on Broken Shore,BrokenShoreIntro,Unknown,,Legion,
1667,Legion Ship - Vertical,LegionShipVertical,Unknown,,Legion,
1668,Legion Ship - Horizontal,LegionShipHorizontal,Unknown,,Legion,
1669,Argus 1,Argus 1,World,Argus,Legion,1669
1670,Broken Shore (Delete),BrokenshorePristine,Unknown,,Legion,
1671,Broken Shore - Prepatch 7.2 (Backup),BrokenShorePrepatch,World,Broken Shore (Prepatch),Legion,
1672,Blade's Edge Arena,bladesedgearena2b,PvP,Blade's Edge Arena,Legion,
1673,The Eye of Eternity - Scenario,EyeofEternityScenario,Unknown,,Legion,
1676,Tomb of Sargeras,TombofSargerasRaid,Unknown,,Legion,
1677,Cathedral of Eternal Night,TombofSargerasDeungeon,Instance,Cathedral of Eternal Night,Legion,
1681,Arathi Basin Winter,ABWinter,PvP,Arathi Basin (Winter Brawl),Legion,
1682,The Fel Hammer Terrain Phase,ArtifactsDemonHunterOrderHallPhase,World,Order Hall - Demon Hunter - The Fel Hammer (phase),Legion,
1683,Artifact - Gnomeregan,ArtifactGnomeregan,Artifact,* (what class?) - Gnomeregan,Legion,
1684,Dread Scar Rift - Warlock Scenario Platform,dreadscarriftwarlockplatform,Unknown,*,Legion,
1687,Wailing Caverns,WailingCavernsPetBattle,Unknown,,Legion,
1688,Deadmines,DeadminesPetBattle,Unknown,,Legion,
1689,The Eye of Eternity - Mage Class Mount,EyeofEternityMageClassMount,Scenario,Mage mount - Eye of Eternity,Legion,
1691,Cooking: Impossible,CookingImpossible,Unknown,* ,Legion,
1692,Pit of Saron - Death Knight Campaign,PitofSaronDeathKnight,Artifact,Death Knight (Pit of Saron),Legion,
1693,Stormstout Brewery - Monk Scenario,MardumScenarioClientScene,Artifact,Monk (Valley of the Four Winds / Mardum),Legion,
1694,Gnomeregan,GnomereganPetBattle,Unknown,*,Legion,
1695,Battleship: Ruin,BrokenShoreBattleshipFinale,Scenario,Broken Shore (Battleship Finale),Legion,
1696,Legion - Command Center,LegionCommandCenter,Unknown,,Legion,
1697,Legion - Legion Spider Cave,LegionSpiderCave,Unknown,,Legion,
1698,Artifact - Acquisition - Tank,ArtifactAcquisitionTank,Artifact,,Legion,
1699,Legion - Legion Fel Cave,LegionFelCave,Unknown,,Legion,
1700,Legion - Legion Fel Firenova Area,LegionFelFirenovaArea,Unknown,,Legion,
1701,Legion - Legion Barracks,LegionBarracks,Unknown,,Legion,
1702,Artifact - Highmountain - Dual Boss,ArtifactHighmountainDualBoss,Artifact,* what class? - Highmountain,Legion,
1703,Halls of Valor - Scenario,HallsofValorScenario,Unknown,*,Legion,
1704,Legion Ship - Horizontal - Valsharah,LegionShipHorizontalValsharah,Unknown,Legion Ship - Horizontal - Valsharah,Legion,
1705,Legion Ship - Horizontal - Azsuna,LegionShipHorizontalAzsuna,Unknown,Legion Ship - Horizontal - Azsuna,Legion,
1706,Legion Ship - Vertical - HighMountain,LegionShipHorizontalHighMountain,Unknown,Legion Ship - Vertical - HighMountain,Legion,
1707,Legion Ship - Vertical - Stormheim,LegionShipHorizontalStormheim,Unknown,Legion Ship - Vertical - Stormheim,Legion,
1708,Stratholme - Paladin Class Mount,StratholmePaladinClassMount,Scenario,"Paladin mount (Stratholme, Eastern Plaguelands)",Legion,
1710,Black Rook Hold - Artifact Challenge,BlackRookHoldArtifactChallenge,Artifact,Black Rook Hold - Artifact Challenge,Legion,
1711,Alliance Submarine (7.1.5 Boat Holiday),SouthseaPirateShip715BoatHoliday,Unknown,,Legion,
1712,Argus Raid,ArgusRaid,Raid,"Antorus, the Burning Throne",Legion,
1714,Halls Of Valor - Warrior Class Mount,HallsOfValorWarriorClassMount,Scenario,Warrior mount (Halls of Valor),Legion,
1715,Battle for Blackrock Mountain,BlackrockMountainBrawl,Unknown,Battle for Blackrock Mountain,Legion,
1716,Broken Shore Mage Tower,brokenshorewardentower,Unknown,,Legion,
1719,Dread Scar Rift - Warlock Mount Scenario,warlockmountscenario,Scenario,Warlock mount (Dread Scar Rift),Legion,
1723,Coldridge Valley,ColdridgeValley,Unknown,Coldridge Valley,Legion,
1728,Halls of Valor,HallsofValorHunterScenario,Scenario,Hunter (Halls of Valor),Legion,
1729,The Eye of Eternity - Mage Class Mount (Shorter Version),EyeofEternityMageClassMountShort,Scenario,Mage mount (Eye of Eternity) (short),Legion,
1730,Shrine of Aviana Defense - Scenario,ShrineofAvianaDefenseScenario,Scenario,Shrine of Aviana Defense (Mount Hyjal),Legion,
1731,Druid Mount Finale - Scenario,DruidMountFinaleScenario,Scenario,Druid class mount (Azsuna),Legion,
1732,Felwing Ledge - Demon Hunter Class Mount,FelwingLedgeDemonHunterClassMount,Scenario,Demon Hunter mount (Felwing Ledge),Legion,
1733,Azeroth's Warning Scenario,AzerothsWarningScenario,Scenario,Azeroth's Warning Scenario (Magni),Legion,
1734,Throne of the Four Winds - Shaman Class Mount,ThroneoftheFourWindsShamanClassMounts,Scenario,Shaman mount (Throne of the Four Winds),Legion,
1735,Frozen Wastes,DKMountScenario,Scenario,Death Knight mount (Frozen Wastes),Legion,
1736,The Ruby Sanctum,RubySanctumDKMountScenario,Scenario,Death Knight mount (The Ruby Sanctum),Legion,
1737,Pocket Dimension Akazamzaraks Hat Scenario,AkazamarakHatScenario,Scenario,Mage class campaign ,Legion,
1738,The Lost Glacier,LostGlacierDKMountScenario,Scenario,Death Knight mount (The Lost Glacier),Legion,
1741,Exodar Dalaran,ExodarDalaran,Unknown,Exodar Dalaran,Legion,
1744,Trial of Style,MogWeek,Scenario,Trial of Style (Transmog contest),Legion,
1746,Arcatraz Scenario,ArcatrazScenario,Scenario,Arcatraz Scenario (7.3),Legion,
1747,Animation Playground,animationplayground,Dev,Animation Playground,Legion,
1750,Azuremyst Isle (7.3 intro),Azuremyst Isle (7.3 Intro),Scenario,Azuremyst Isle (7.3 intro),Legion,
1751,Alliance Battleship (7.3 Intro),AllianceBattleship73Intro,Transport,Alliance Battleship (7.3 Intro),Legion,
1752,Sunstrider Ship (7.3 Intro),SunstriderShip73Intro,Transport,Sunstrider Ship (7.3 Intro),Legion,
1753,Argus Dungeon,ArgusDungeon,Instance,Argus Dungeon,Legion,
1756,The Deaths of Chromie,ChromieScenario,Dev,The Deaths of Chromie scenario,Legion,
1760,LordaeronScenario,LordaeronScenario,Scenario,LordaeronScenario,Battle for Azeroth,
1764,Endless Halls Scenario,EndlessHallsScenario,Scenario,Endless Halls scenario,Legion,
1773,Void Elf,VoildElf,World,Void Elf,Legion,
1774,Lightforged Draenei,LightforgedDraenei,World,Lightforged Draenei,Legion,
1775,Highmountain Maw,HighmountainMaw,World,Highmountain Maw,Legion,
1776,Orgrimmar Embassy,OrgrimmarEmbassy,World,Orgrimmar Embassy,Legion,
1779,Argus Rifts,Argus_Rifts,World,Argus Rifts,Legion,
1782,Silithus Battleground,SilithusBG,PvP,Silithus Battleground,Legion,
1795,Schwayder Land,ShwayderLand,Dev,Schwayder Land,Legion,
1803,Azerite Battleground,AzeriteBG1,PvP,Azerite Battleground,Legion,
1806,Stormwind Embassy,StormwindEmbassy,World,Stormwind Embassy,Legion,
1812,Suramar Nightborne Unlock,SuramarNightborneUnlock,Scenario,Suramar Nightborne Unlock,Legion,
1815,Silithus,Silithus,World,Silithus (pre 7.3.2),Legion,
1817,Silithus Phase 01,SilithusPhase01,World,Silithus Phase 1 (post 7.3.2),Legion,
1818,Silvermoon City,SilvermoonCity,Unknown,Silvermoon City,Legion,
1840,Sunwell Unlock Scenario,SunwellUnlockScenario,Scenario,Sunwell Unlock Scenario,Legion,
1855,Lightforged Vindicaar,LightforgedVindicaar,World,Lightforged Vindicaar,Legion,
1856,Transport Azerite BG Alliance,TransportAzeriteBGAllianceAirship,Transport,Transport Azerite BG Alliance,Legion,
1857,Transport Azerite BG Horde,TransportAzeriteBGHordeGunship,Transport,Transport Azerite BG Horde,Legion,
1860,Lightforged Draenei Vindicaar,LightforgedDraeneiVindicaar,World,Lightforged Draenei Vindicaar,Legion,
1863,BLTestMap,BLTestMap,Dev,"BLTestMap (encrypted, don't click WILL CRASH)",Legion,
1865,Void Elf Hub,VoidElfHub,World,Void Elf Hub,Legion,
1861,NazmirRaid,NazmirRaid,Raid,Uldir,Battle for Azeroth,
2147,Icecrown,2147,Scenario,Icecrown 8.1,Battle for Azeroth,